tax	Superkingdom	Kingdom	Phylum	Class	Order	Family	Genus
Bacteria;Bacteria_none;Proteobacteria;Alphaproteobacteria;Rhizobiales;Stappiaceae;Labrenzia	Bacteria	Bacteria_none	Proteobacteria	Alphaproteobacteria	Rhizobiales	Stappiaceae	Labrenzia
Bacteria;Bacteria_none;Proteobacteria;Alphaproteobacteria;Rhizobiales;Rhizobiaceae;Unclassified_Rhizobiaceae	Bacteria	Bacteria_none	Proteobacteria	Alphaproteobacteria	Rhizobiales	Rhizobiaceae	Unclassified_Rhizobiaceae
Bacteria;Bacteria_none;Planctomycetota;Phycisphaerae;Phycisphaerales;Phycisphaeraceae;SM1A02	Bacteria	Bacteria_none	Planctomycetota	Phycisphaerae	Phycisphaerales	Phycisphaeraceae	SM1A02
Bacteria;Bacteria_none;Proteobacteria;Alphaproteobacteria;Rhizobiales;Stappiaceae;Stappia	Bacteria	Bacteria_none	Proteobacteria	Alphaproteobacteria	Rhizobiales	Stappiaceae	Stappia
Bacteria;Bacteria_none;Bacteroidota;Bacteroidia;Flavobacteriales;Flavobacteriaceae;Muricauda	Bacteria	Bacteria_none	Bacteroidota	Bacteroidia	Flavobacteriales	Flavobacteriaceae	Muricauda
Bacteria;Bacteria_none;Proteobacteria;Gammaproteobacteria;Gammaproteobacteria Incertae Sedis;Unknown Family;Unknown Family_uncultured	Bacteria	Bacteria_none	Proteobacteria	Gammaproteobacteria	Gammaproteobacteria Incertae Sedis	Unknown Family	Unknown Family_uncultured
Bacteria;Bacteria_none;Proteobacteria;Alphaproteobacteria;Rhodobacterales;Rhodobacteraceae;Roseovarius	Bacteria	Bacteria_none	Proteobacteria	Alphaproteobacteria	Rhodobacterales	Rhodobacteraceae	Roseovarius
Unclassified;Unknown;Unknown;Unknown;Unknown;Unknown;Unknown	Unclassified	Unknown	Unknown	Unknown	Unknown	Unknown	Unknown
Bacteria;Bacteria_none;Bacteroidota;Bacteroidia;Cytophagales;Cyclobacteriaceae;Fabibacter	Bacteria	Bacteria_none	Bacteroidota	Bacteroidia	Cytophagales	Cyclobacteriaceae	Fabibacter
Bacteria;Bacteria_none;Proteobacteria;Alphaproteobacteria;Rhizobiales;Rhizobiaceae;Rhizobiaceae_uncultured	Bacteria	Bacteria_none	Proteobacteria	Alphaproteobacteria	Rhizobiales	Rhizobiaceae	Rhizobiaceae_uncultured
Bacteria;Bacteria_none;Bacteroidota;Bacteroidia;Flavobacteriales;Flavobacteriaceae;Robiginitalea	Bacteria	Bacteria_none	Bacteroidota	Bacteroidia	Flavobacteriales	Flavobacteriaceae	Robiginitalea
Bacteria;Bacteria_none;Proteobacteria;Alphaproteobacteria;Parvibaculales;Parvibaculaceae;Mf105b01	Bacteria	Bacteria_none	Proteobacteria	Alphaproteobacteria	Parvibaculales	Parvibaculaceae	Mf105b01
Bacteria;Bacteria_none;Proteobacteria;Gammaproteobacteria;Pseudomonadales;Marinobacteraceae;Marinobacter	Bacteria	Bacteria_none	Proteobacteria	Gammaproteobacteria	Pseudomonadales	Marinobacteraceae	Marinobacter
Bacteria;Bacteria_none;Proteobacteria;Alphaproteobacteria;Caulobacterales;Hyphomonadaceae;Hyphomonadaceae_uncultured	Bacteria	Bacteria_none	Proteobacteria	Alphaproteobacteria	Caulobacterales	Hyphomonadaceae	Hyphomonadaceae_uncultured
Bacteria;Bacteria_none;Planctomycetota;Planctomycetes;Planctomycetales;Rubinisphaeraceae;SH-PL14	Bacteria	Bacteria_none	Planctomycetota	Planctomycetes	Planctomycetales	Rubinisphaeraceae	SH-PL14
Bacteria;Bacteria_none;Planctomycetota;Planctomycetes;Pirellulales;Pirellulaceae;Blastopirellula	Bacteria	Bacteria_none	Planctomycetota	Planctomycetes	Pirellulales	Pirellulaceae	Blastopirellula
Bacteria;Bacteria_none;Proteobacteria;Alphaproteobacteria;Rhodospirillales;Magnetospiraceae;Magnetospiraceae_uncultured	Bacteria	Bacteria_none	Proteobacteria	Alphaproteobacteria	Rhodospirillales	Magnetospiraceae	Magnetospiraceae_uncultured
Bacteria;Bacteria_none;Firmicutes;Bacilli;Staphylococcales;Staphylococcaceae;Staphylococcus	Bacteria	Bacteria_none	Firmicutes	Bacilli	Staphylococcales	Staphylococcaceae	Staphylococcus
Bacteria;Bacteria_none;Proteobacteria;Alphaproteobacteria;Rhodospirillales;Terasakiellaceae;Terasakiellaceae_uncultured	Bacteria	Bacteria_none	Proteobacteria	Alphaproteobacteria	Rhodospirillales	Terasakiellaceae	Terasakiellaceae_uncultured
Bacteria;Bacteria_none;Bacteroidota;Bacteroidia;Chitinophagales;Saprospiraceae;Saprospiraceae_uncultured	Bacteria	Bacteria_none	Bacteroidota	Bacteroidia	Chitinophagales	Saprospiraceae	Saprospiraceae_uncultured
Bacteria;Bacteria_none;Bacteroidota;Rhodothermia;Balneolales;Balneolaceae;Balneola	Bacteria	Bacteria_none	Bacteroidota	Rhodothermia	Balneolales	Balneolaceae	Balneola
Bacteria;Bacteria_none;Planctomycetota;Planctomycetes;Planctomycetales;Gimesiaceae;Gimesia	Bacteria	Bacteria_none	Planctomycetota	Planctomycetes	Planctomycetales	Gimesiaceae	Gimesia
Bacteria;Bacteria_none;Firmicutes;Bacilli;Bacillales;Bacillaceae;Bacillus	Bacteria	Bacteria_none	Firmicutes	Bacilli	Bacillales	Bacillaceae	Bacillus
Bacteria;Bacteria_none;Proteobacteria;Gammaproteobacteria;Pseudomonadales;Pseudohongiellaceae;Pseudohongiella	Bacteria	Bacteria_none	Proteobacteria	Gammaproteobacteria	Pseudomonadales	Pseudohongiellaceae	Pseudohongiella
Bacteria;Bacteria_none;Bacteroidota;Rhodothermia;Balneolales;Balneolaceae;Gracilimonas	Bacteria	Bacteria_none	Bacteroidota	Rhodothermia	Balneolales	Balneolaceae	Gracilimonas
Bacteria;Bacteria_none;Proteobacteria;Gammaproteobacteria;Pseudomonadales;Halieaceae;Parahaliea	Bacteria	Bacteria_none	Proteobacteria	Gammaproteobacteria	Pseudomonadales	Halieaceae	Parahaliea
Bacteria;Bacteria_none;Proteobacteria;Alphaproteobacteria;Rhodospirillales;Thalassospiraceae;Thalassospira	Bacteria	Bacteria_none	Proteobacteria	Alphaproteobacteria	Rhodospirillales	Thalassospiraceae	Thalassospira
Bacteria;Bacteria_none;Firmicutes;Bacilli;Lactobacillales;Listeriaceae;Listeria	Bacteria	Bacteria_none	Firmicutes	Bacilli	Lactobacillales	Listeriaceae	Listeria
Bacteria;Bacteria_none;Spirochaetota;Leptospirae;Leptospirales;Leptospiraceae;Leptonema	Bacteria	Bacteria_none	Spirochaetota	Leptospirae	Leptospirales	Leptospiraceae	Leptonema
Bacteria;Bacteria_none;Bacteroidota;Bacteroidia;Cytophagales;Cyclobacteriaceae;Roseivirga	Bacteria	Bacteria_none	Bacteroidota	Bacteroidia	Cytophagales	Cyclobacteriaceae	Roseivirga
Bacteria;Bacteria_none;Firmicutes;Bacilli;Lactobacillales;Lactobacillaceae;Limosilactobacillus	Bacteria	Bacteria_none	Firmicutes	Bacilli	Lactobacillales	Lactobacillaceae	Limosilactobacillus
Bacteria;Bacteria_none;Firmicutes;Bacilli;Lactobacillales;Enterococcaceae;Enterococcus	Bacteria	Bacteria_none	Firmicutes	Bacilli	Lactobacillales	Enterococcaceae	Enterococcus
Bacteria;Bacteria_none;Proteobacteria;Alphaproteobacteria;Rhizobiales;Rhizobiaceae;Hoeflea	Bacteria	Bacteria_none	Proteobacteria	Alphaproteobacteria	Rhizobiales	Rhizobiaceae	Hoeflea
Bacteria;Bacteria_none;Proteobacteria;Gammaproteobacteria;Pseudomonadales;Halieaceae;Halioglobus	Bacteria	Bacteria_none	Proteobacteria	Gammaproteobacteria	Pseudomonadales	Halieaceae	Halioglobus
Bacteria;Bacteria_none;Proteobacteria;Alphaproteobacteria;Parvibaculales;Parvibaculaceae;Pyruvatibacter	Bacteria	Bacteria_none	Proteobacteria	Alphaproteobacteria	Parvibaculales	Parvibaculaceae	Pyruvatibacter
Bacteria;Bacteria_none;Proteobacteria;Alphaproteobacteria;Parvibaculales;Parvibaculaceae;Candidatus Phaeomarinobacter	Bacteria	Bacteria_none	Proteobacteria	Alphaproteobacteria	Parvibaculales	Parvibaculaceae	Candidatus Phaeomarinobacter
Bacteria;Bacteria_none;Proteobacteria;Alphaproteobacteria;Rhodobacterales;Rhodobacteraceae;Nioella	Bacteria	Bacteria_none	Proteobacteria	Alphaproteobacteria	Rhodobacterales	Rhodobacteraceae	Nioella
Bacteria;Bacteria_none;Actinobacteriota;Acidimicrobiia;Microtrichales;Microtrichaceae;IMCC26207	Bacteria	Bacteria_none	Actinobacteriota	Acidimicrobiia	Microtrichales	Microtrichaceae	IMCC26207
Eukaryota;Alveolata;Dinoflagellata;Dinophyceae;Gymnodiniphycidae;Suessiaceae;Symbiodinium	Eukaryota	Alveolata	Dinoflagellata	Dinophyceae	Gymnodiniphycidae	Suessiaceae	Symbiodinium
Bacteria;Bacteria_none;Proteobacteria;Gammaproteobacteria;Pseudomonadales;BD2-7;Unclassified_BD2-7	Bacteria	Bacteria_none	Proteobacteria	Gammaproteobacteria	Pseudomonadales	BD2-7	Unclassified_BD2-7
Bacteria;Bacteria_none;Proteobacteria;Gammaproteobacteria;Enterobacterales;Enterobacteriaceae;Escherichia-Shigella	Bacteria	Bacteria_none	Proteobacteria	Gammaproteobacteria	Enterobacterales	Enterobacteriaceae	Escherichia-Shigella
Bacteria;Bacteria_none;Proteobacteria;Gammaproteobacteria;Enterobacterales;Enterobacteriaceae;Salmonella	Bacteria	Bacteria_none	Proteobacteria	Gammaproteobacteria	Enterobacterales	Enterobacteriaceae	Salmonella
Bacteria;Bacteria_none;Planctomycetota;Planctomycetes;Pirellulales;Pirellulaceae;Pir4 lineage	Bacteria	Bacteria_none	Planctomycetota	Planctomycetes	Pirellulales	Pirellulaceae	Pir4 lineage
Bacteria;Bacteria_none;Proteobacteria;Alphaproteobacteria;Sphingomonadales;Sphingomonadaceae;Erythrobacter	Bacteria	Bacteria_none	Proteobacteria	Alphaproteobacteria	Sphingomonadales	Sphingomonadaceae	Erythrobacter
Bacteria;Bacteria_none;Proteobacteria;Gammaproteobacteria;Pseudomonadales;Porticoccaceae;C1-B045	Bacteria	Bacteria_none	Proteobacteria	Gammaproteobacteria	Pseudomonadales	Porticoccaceae	C1-B045
Bacteria;Bacteria_none;Bacteroidota;Bacteroidia;Cytophagales;Cyclobacteriaceae;Marinoscillum	Bacteria	Bacteria_none	Bacteroidota	Bacteroidia	Cytophagales	Cyclobacteriaceae	Marinoscillum
Bacteria;Bacteria_none;Proteobacteria;Alphaproteobacteria;Kiloniellales;Kiloniellaceae;Tagaea	Bacteria	Bacteria_none	Proteobacteria	Alphaproteobacteria	Kiloniellales	Kiloniellaceae	Tagaea
Bacteria;Bacteria_none;Actinobacteriota;Acidimicrobiia;Microtrichales;Microtrichaceae;Sva0996 marine group	Bacteria	Bacteria_none	Actinobacteriota	Acidimicrobiia	Microtrichales	Microtrichaceae	Sva0996 marine group
Bacteria;Bacteria_none;Bacteroidota;Bacteroidia;Flavobacteriales;Cryomorphaceae;Vicingus	Bacteria	Bacteria_none	Bacteroidota	Bacteroidia	Flavobacteriales	Cryomorphaceae	Vicingus
Bacteria;Bacteria_none;Proteobacteria;Alphaproteobacteria;Rhodobacterales;Rhodobacteraceae;Silicimonas	Bacteria	Bacteria_none	Proteobacteria	Alphaproteobacteria	Rhodobacterales	Rhodobacteraceae	Silicimonas
Bacteria;Bacteria_none;Proteobacteria;Alphaproteobacteria;Rhodobacterales;Rhodobacteraceae;Marinovum	Bacteria	Bacteria_none	Proteobacteria	Alphaproteobacteria	Rhodobacterales	Rhodobacteraceae	Marinovum
Bacteria;Bacteria_none;Proteobacteria;Gammaproteobacteria;Pseudomonadales;KI89A clade;Unclassified_KI89A clade	Bacteria	Bacteria_none	Proteobacteria	Gammaproteobacteria	Pseudomonadales	KI89A clade	Unclassified_KI89A clade
Bacteria;Bacteria_none;Myxococcota;Polyangia;Nannocystales;Nannocystaceae;Nannocystaceae_uncultured	Bacteria	Bacteria_none	Myxococcota	Polyangia	Nannocystales	Nannocystaceae	Nannocystaceae_uncultured
Bacteria;Bacteria_none;Bacteroidota;Bacteroidia;Cytophagales;Cyclobacteriaceae;Ekhidna	Bacteria	Bacteria_none	Bacteroidota	Bacteroidia	Cytophagales	Cyclobacteriaceae	Ekhidna
Bacteria;Bacteria_none;Bacteroidota;Bacteroidia;Chitinophagales;Chitinophagaceae;Edaphobaculum	Bacteria	Bacteria_none	Bacteroidota	Bacteroidia	Chitinophagales	Chitinophagaceae	Edaphobaculum
Bacteria;Bacteria_none;Bacteroidota;Bacteroidia;Flavobacteriales;Flavobacteriaceae;Flavobacteriaceae_uncultured	Bacteria	Bacteria_none	Bacteroidota	Bacteroidia	Flavobacteriales	Flavobacteriaceae	Flavobacteriaceae_uncultured
Bacteria;Bacteria_none;Actinobacteriota;Acidimicrobiia;Microtrichales;Ilumatobacteraceae;Ilumatobacter	Bacteria	Bacteria_none	Actinobacteriota	Acidimicrobiia	Microtrichales	Ilumatobacteraceae	Ilumatobacter
Bacteria;Bacteria_none;Proteobacteria;Alphaproteobacteria;Rhizobiales;Rhizobiaceae;Nitratireductor	Bacteria	Bacteria_none	Proteobacteria	Alphaproteobacteria	Rhizobiales	Rhizobiaceae	Nitratireductor
Bacteria;Bacteria_none;Proteobacteria;Alphaproteobacteria;Sneathiellales;Sneathiellaceae;Sneathiella	Bacteria	Bacteria_none	Proteobacteria	Alphaproteobacteria	Sneathiellales	Sneathiellaceae	Sneathiella
Bacteria;Bacteria_none;Proteobacteria;Alphaproteobacteria;Thalassobaculales;Thalassobaculaceae;Thalassobaculum	Bacteria	Bacteria_none	Proteobacteria	Alphaproteobacteria	Thalassobaculales	Thalassobaculaceae	Thalassobaculum
Bacteria;Bacteria_none;Actinobacteriota;Acidimicrobiia;Microtrichales;Microtrichales_uncultured;Unclassified_Microtrichales_uncultured	Bacteria	Bacteria_none	Actinobacteriota	Acidimicrobiia	Microtrichales	Microtrichales_uncultured	Unclassified_Microtrichales_uncultured
Bacteria;Bacteria_none;Proteobacteria;Alphaproteobacteria;Parvibaculales;Parvibaculales_uncultured;Unclassified_Parvibaculales_uncultured	Bacteria	Bacteria_none	Proteobacteria	Alphaproteobacteria	Parvibaculales	Parvibaculales_uncultured	Unclassified_Parvibaculales_uncultured
Bacteria;Bacteria_none;Proteobacteria;Gammaproteobacteria;Pseudomonadales;Pseudomonadaceae;Pseudomonas	Bacteria	Bacteria_none	Proteobacteria	Gammaproteobacteria	Pseudomonadales	Pseudomonadaceae	Pseudomonas
Bacteria;Bacteria_none;Proteobacteria;Alphaproteobacteria;Caulobacterales;Hyphomonadaceae;Hirschia	Bacteria	Bacteria_none	Proteobacteria	Alphaproteobacteria	Caulobacterales	Hyphomonadaceae	Hirschia
Bacteria;Bacteria_none;Proteobacteria;Alphaproteobacteria;Thalassobaculales;Nisaeaceae;Nisaea	Bacteria	Bacteria_none	Proteobacteria	Alphaproteobacteria	Thalassobaculales	Nisaeaceae	Nisaea
Bacteria;Bacteria_none;Chloroflexi;Anaerolineae;Caldilineales;Caldilineaceae;Caldilineaceae_uncultured	Bacteria	Bacteria_none	Chloroflexi	Anaerolineae	Caldilineales	Caldilineaceae	Caldilineaceae_uncultured
Bacteria;Bacteria_none;Proteobacteria;Alphaproteobacteria;Rhizobiales;Rhizobiaceae;Roseitalea	Bacteria	Bacteria_none	Proteobacteria	Alphaproteobacteria	Rhizobiales	Rhizobiaceae	Roseitalea
Bacteria;Bacteria_none;Proteobacteria;Alphaproteobacteria;Rhodobacterales;Rhodobacteraceae;Mameliella	Bacteria	Bacteria_none	Proteobacteria	Alphaproteobacteria	Rhodobacterales	Rhodobacteraceae	Mameliella
Bacteria;Bacteria_none;Proteobacteria;Gammaproteobacteria;Nitrosococcales;Methylophagaceae;Methylophaga	Bacteria	Bacteria_none	Proteobacteria	Gammaproteobacteria	Nitrosococcales	Methylophagaceae	Methylophaga
Bacteria;Bacteria_none;Proteobacteria;Gammaproteobacteria;Salinisphaerales;Algiphilaceae;Algiphilus	Bacteria	Bacteria_none	Proteobacteria	Gammaproteobacteria	Salinisphaerales	Algiphilaceae	Algiphilus
Bacteria;Bacteria_none;Bacteroidota;Bacteroidia;Flavobacteriales;Flavobacteriaceae;Maribacter	Bacteria	Bacteria_none	Bacteroidota	Bacteroidia	Flavobacteriales	Flavobacteriaceae	Maribacter
Bacteria;Bacteria_none;Proteobacteria;Gammaproteobacteria;Enterobacterales;Alteromonadaceae;Aestuariibacter	Bacteria	Bacteria_none	Proteobacteria	Gammaproteobacteria	Enterobacterales	Alteromonadaceae	Aestuariibacter
Bacteria;Bacteria_none;Proteobacteria;Alphaproteobacteria;Defluviicoccales;Defluviicoccales_uncultured;Unclassified_Defluviicoccales_uncultured	Bacteria	Bacteria_none	Proteobacteria	Alphaproteobacteria	Defluviicoccales	Defluviicoccales_uncultured	Unclassified_Defluviicoccales_uncultured
Bacteria;Bacteria_none;Proteobacteria;Alphaproteobacteria;Alphaproteobacteria Incertae Sedis;Unknown Family;Acuticoccus	Bacteria	Bacteria_none	Proteobacteria	Alphaproteobacteria	Alphaproteobacteria Incertae Sedis	Unknown Family	Acuticoccus
Bacteria;Bacteria_none;Proteobacteria;Alphaproteobacteria;Rhizobiales;Devosiaceae;Devosia	Bacteria	Bacteria_none	Proteobacteria	Alphaproteobacteria	Rhizobiales	Devosiaceae	Devosia
Bacteria;Bacteria_none;Proteobacteria;Alphaproteobacteria;Rhizobiales;Hyphomicrobiaceae;Filomicrobium	Bacteria	Bacteria_none	Proteobacteria	Alphaproteobacteria	Rhizobiales	Hyphomicrobiaceae	Filomicrobium
Bacteria;Bacteria_none;Proteobacteria;Alphaproteobacteria;Rhodobacterales;Rhodobacteraceae;Roseivivax	Bacteria	Bacteria_none	Proteobacteria	Alphaproteobacteria	Rhodobacterales	Rhodobacteraceae	Roseivivax
Bacteria;Bacteria_none;Proteobacteria;Alphaproteobacteria;Rhodobacterales;Rhodobacteraceae;Rhodobacteraceae_uncultured	Bacteria	Bacteria_none	Proteobacteria	Alphaproteobacteria	Rhodobacterales	Rhodobacteraceae	Rhodobacteraceae_uncultured
Bacteria;Bacteria_none;Proteobacteria;Alphaproteobacteria;Rhodobacterales;Rhodobacteraceae;Oceanicola	Bacteria	Bacteria_none	Proteobacteria	Alphaproteobacteria	Rhodobacterales	Rhodobacteraceae	Oceanicola
Bacteria;Bacteria_none;Proteobacteria;Alphaproteobacteria;Rhizobiales;Methyloligellaceae;Methyloligellaceae_uncultured	Bacteria	Bacteria_none	Proteobacteria	Alphaproteobacteria	Rhizobiales	Methyloligellaceae	Methyloligellaceae_uncultured
Bacteria;Bacteria_none;Firmicutes;Bacilli;Lactobacillales;Carnobacteriaceae;Granulicatella	Bacteria	Bacteria_none	Firmicutes	Bacilli	Lactobacillales	Carnobacteriaceae	Granulicatella
Bacteria;Bacteria_none;Proteobacteria;Alphaproteobacteria;Caulobacterales;Parvularculaceae;Hyphococcus	Bacteria	Bacteria_none	Proteobacteria	Alphaproteobacteria	Caulobacterales	Parvularculaceae	Hyphococcus
Bacteria;Bacteria_none;Proteobacteria;Alphaproteobacteria;Rhizobiales;Rhizobiales Incertae Sedis;Bauldia	Bacteria	Bacteria_none	Proteobacteria	Alphaproteobacteria	Rhizobiales	Rhizobiales Incertae Sedis	Bauldia
Bacteria;Bacteria_none;Bacteroidota;Bacteroidia;Flavobacteriales;Flavobacteriaceae;Pseudozobellia	Bacteria	Bacteria_none	Bacteroidota	Bacteroidia	Flavobacteriales	Flavobacteriaceae	Pseudozobellia
Bacteria;Bacteria_none;Proteobacteria;Gammaproteobacteria;Pseudomonadales;Halieaceae;OM60(NOR5) clade	Bacteria	Bacteria_none	Proteobacteria	Gammaproteobacteria	Pseudomonadales	Halieaceae	OM60(NOR5) clade
Bacteria;Bacteria_none;Proteobacteria;Alphaproteobacteria;Rhodobacterales;Rhodobacteraceae;Seohaeicola	Bacteria	Bacteria_none	Proteobacteria	Alphaproteobacteria	Rhodobacterales	Rhodobacteraceae	Seohaeicola
Bacteria;Bacteria_none;Proteobacteria;Alphaproteobacteria;Rhodospirillales;Magnetospiraceae;Magnetospira	Bacteria	Bacteria_none	Proteobacteria	Alphaproteobacteria	Rhodospirillales	Magnetospiraceae	Magnetospira
Bacteria;Bacteria_none;Proteobacteria;Alphaproteobacteria;Rhizobiales;Rhizobiaceae;Mesorhizobium	Bacteria	Bacteria_none	Proteobacteria	Alphaproteobacteria	Rhizobiales	Rhizobiaceae	Mesorhizobium
Bacteria;Bacteria_none;Proteobacteria;Alphaproteobacteria;Kiloniellales;Fodinicurvataceae;Fodinicurvata	Bacteria	Bacteria_none	Proteobacteria	Alphaproteobacteria	Kiloniellales	Fodinicurvataceae	Fodinicurvata
Bacteria;Bacteria_none;Proteobacteria;Alphaproteobacteria;Rhodobacterales;Rhodobacteraceae;Tropicimonas	Bacteria	Bacteria_none	Proteobacteria	Alphaproteobacteria	Rhodobacterales	Rhodobacteraceae	Tropicimonas
Bacteria;Bacteria_none;Proteobacteria;Alphaproteobacteria;Parvibaculales;PS1 clade;Unclassified_PS1 clade	Bacteria	Bacteria_none	Proteobacteria	Alphaproteobacteria	Parvibaculales	PS1 clade	Unclassified_PS1 clade
Bacteria;Bacteria_none;Proteobacteria;Alphaproteobacteria;Rhizobiales;Rhizobiaceae;Pseudaminobacter	Bacteria	Bacteria_none	Proteobacteria	Alphaproteobacteria	Rhizobiales	Rhizobiaceae	Pseudaminobacter
Bacteria;Bacteria_none;Proteobacteria;Gammaproteobacteria;Pseudomonadales;Halieaceae;Chromatocurvus	Bacteria	Bacteria_none	Proteobacteria	Gammaproteobacteria	Pseudomonadales	Halieaceae	Chromatocurvus
Bacteria;Bacteria_none;Proteobacteria;Alphaproteobacteria;Rhizobiales;Rhizobiaceae;Oricola	Bacteria	Bacteria_none	Proteobacteria	Alphaproteobacteria	Rhizobiales	Rhizobiaceae	Oricola
Bacteria;Bacteria_none;Proteobacteria;Alphaproteobacteria;Rhodospirillales;Rhodospirillaceae;Rhodospirillaceae_uncultured	Bacteria	Bacteria_none	Proteobacteria	Alphaproteobacteria	Rhodospirillales	Rhodospirillaceae	Rhodospirillaceae_uncultured
Bacteria;Bacteria_none;Actinobacteriota;Actinobacteria;Propionibacteriales;Nocardioidaceae;Nocardioides	Bacteria	Bacteria_none	Actinobacteriota	Actinobacteria	Propionibacteriales	Nocardioidaceae	Nocardioides
Bacteria;Bacteria_none;Firmicutes;Bacilli;Lactobacillales;Lactobacillaceae;Lactobacillaceae_uncultured	Bacteria	Bacteria_none	Firmicutes	Bacilli	Lactobacillales	Lactobacillaceae	Lactobacillaceae_uncultured
Bacteria;Bacteria_none;Proteobacteria;Alphaproteobacteria;Sphingomonadales;Sphingomonadaceae;Sphingopyxis	Bacteria	Bacteria_none	Proteobacteria	Alphaproteobacteria	Sphingomonadales	Sphingomonadaceae	Sphingopyxis
Bacteria;Bacteria_none;Proteobacteria;Gammaproteobacteria;Pseudomonadales;OM182 clade;Unclassified_OM182 clade	Bacteria	Bacteria_none	Proteobacteria	Gammaproteobacteria	Pseudomonadales	OM182 clade	Unclassified_OM182 clade
Bacteria;Bacteria_none;Proteobacteria;Alphaproteobacteria;Rhodobacterales;Rhodobacteraceae;Unclassified_Rhodobacteraceae	Bacteria	Bacteria_none	Proteobacteria	Alphaproteobacteria	Rhodobacterales	Rhodobacteraceae	Unclassified_Rhodobacteraceae
Bacteria;Bacteria_none;Proteobacteria;Gammaproteobacteria;Tenderiales;Tenderiaceae;Candidatus Tenderia	Bacteria	Bacteria_none	Proteobacteria	Gammaproteobacteria	Tenderiales	Tenderiaceae	Candidatus Tenderia
Bacteria;Bacteria_none;Bacteroidota;Bacteroidia;Flavobacteriales;Flavobacteriaceae;Euzebyella	Bacteria	Bacteria_none	Bacteroidota	Bacteroidia	Flavobacteriales	Flavobacteriaceae	Euzebyella
Bacteria;Bacteria_none;Proteobacteria;Gammaproteobacteria;Ectothiorhodospirales;Thioalkalispiraceae;Thiohalophilus	Bacteria	Bacteria_none	Proteobacteria	Gammaproteobacteria	Ectothiorhodospirales	Thioalkalispiraceae	Thiohalophilus
Bacteria;Bacteria_none;Proteobacteria;Gammaproteobacteria;Pseudomonadales;Alcanivoracaceae1;Alcanivorax	Bacteria	Bacteria_none	Proteobacteria	Gammaproteobacteria	Pseudomonadales	Alcanivoracaceae1	Alcanivorax
Bacteria;Bacteria_none;Proteobacteria;Alphaproteobacteria;Caulobacterales;Hyphomonadaceae;Oceanicaulis	Bacteria	Bacteria_none	Proteobacteria	Alphaproteobacteria	Caulobacterales	Hyphomonadaceae	Oceanicaulis
Bacteria;Bacteria_none;Planctomycetota;Phycisphaerae;Phycisphaerales;Phycisphaeraceae;Phycisphaeraceae_uncultured	Bacteria	Bacteria_none	Planctomycetota	Phycisphaerae	Phycisphaerales	Phycisphaeraceae	Phycisphaeraceae_uncultured
Bacteria;Bacteria_none;Proteobacteria;Gammaproteobacteria;Pseudomonadales;Halieaceae;Haliea	Bacteria	Bacteria_none	Proteobacteria	Gammaproteobacteria	Pseudomonadales	Halieaceae	Haliea
Bacteria;Bacteria_none;Proteobacteria;Gammaproteobacteria;Salinisphaerales;Salinisphaeraceae;Salinisphaera	Bacteria	Bacteria_none	Proteobacteria	Gammaproteobacteria	Salinisphaerales	Salinisphaeraceae	Salinisphaera
Bacteria;Bacteria_none;Proteobacteria;Alphaproteobacteria;Puniceispirillales;Puniceispirillales_uncultured;Unclassified_Puniceispirillales_uncultured	Bacteria	Bacteria_none	Proteobacteria	Alphaproteobacteria	Puniceispirillales	Puniceispirillales_uncultured	Unclassified_Puniceispirillales_uncultured
Bacteria;Bacteria_none;Proteobacteria;Alphaproteobacteria;Kiloniellales;Fodinicurvataceae;Fodinicurvataceae_uncultured	Bacteria	Bacteria_none	Proteobacteria	Alphaproteobacteria	Kiloniellales	Fodinicurvataceae	Fodinicurvataceae_uncultured
Bacteria;Bacteria_none;Firmicutes;Bacilli;Lactobacillales;Lactobacillaceae;Lactobacillus	Bacteria	Bacteria_none	Firmicutes	Bacilli	Lactobacillales	Lactobacillaceae	Lactobacillus
Bacteria;Bacteria_none;Proteobacteria;Gammaproteobacteria;Enterobacterales;Enterobacteriaceae;Citrobacter	Bacteria	Bacteria_none	Proteobacteria	Gammaproteobacteria	Enterobacterales	Enterobacteriaceae	Citrobacter
Bacteria;Bacteria_none;Proteobacteria;Alphaproteobacteria;Rhodobacterales;Rhodobacteraceae;Sulfitobacter	Bacteria	Bacteria_none	Proteobacteria	Alphaproteobacteria	Rhodobacterales	Rhodobacteraceae	Sulfitobacter
Bacteria;Bacteria_none;Proteobacteria;Gammaproteobacteria;Pseudomonadales;Spongiibacteraceae;Litorivivens	Bacteria	Bacteria_none	Proteobacteria	Gammaproteobacteria	Pseudomonadales	Spongiibacteraceae	Litorivivens
Bacteria;Bacteria_none;Planctomycetota;Phycisphaerae;Phycisphaerales;Phycisphaeraceae;Phycisphaera	Bacteria	Bacteria_none	Planctomycetota	Phycisphaerae	Phycisphaerales	Phycisphaeraceae	Phycisphaera
Bacteria;Bacteria_none;Chloroflexi;Anaerolineae;SBR1031;A4b;Unclassified_A4b	Bacteria	Bacteria_none	Chloroflexi	Anaerolineae	SBR1031	A4b	Unclassified_A4b
Bacteria;Bacteria_none;Proteobacteria;Gammaproteobacteria;Pseudomonadales;Halieaceae;Pseudohaliea	Bacteria	Bacteria_none	Proteobacteria	Gammaproteobacteria	Pseudomonadales	Halieaceae	Pseudohaliea
Bacteria;Bacteria_none;Firmicutes;Bacilli;Bacillales;Bacillaceae;Fictibacillus	Bacteria	Bacteria_none	Firmicutes	Bacilli	Bacillales	Bacillaceae	Fictibacillus
Bacteria;Bacteria_none;Proteobacteria;Alphaproteobacteria;Sphingomonadales;Sphingomonadaceae;Sphingomonadaceae_uncultured	Bacteria	Bacteria_none	Proteobacteria	Alphaproteobacteria	Sphingomonadales	Sphingomonadaceae	Sphingomonadaceae_uncultured
Bacteria;Bacteria_none;Proteobacteria;Gammaproteobacteria;Burkholderiales;Burkholderiaceae;Ralstonia	Bacteria	Bacteria_none	Proteobacteria	Gammaproteobacteria	Burkholderiales	Burkholderiaceae	Ralstonia
Bacteria;Bacteria_none;Firmicutes;Bacilli;Exiguobacterales;Exiguobacteraceae;Exiguobacterium	Bacteria	Bacteria_none	Firmicutes	Bacilli	Exiguobacterales	Exiguobacteraceae	Exiguobacterium
Bacteria;Bacteria_none;Bacteroidota;Bacteroidia;Chitinophagales;Saprospiraceae;Phaeodactylibacter	Bacteria	Bacteria_none	Bacteroidota	Bacteroidia	Chitinophagales	Saprospiraceae	Phaeodactylibacter
Eukaryota;Chloroplastida;Phragmoplastophyta;Embryophyta;Malpighiales;Malpighiales_Incertae_sedis;Hevea	Eukaryota	Chloroplastida	Phragmoplastophyta	Embryophyta	Malpighiales	Malpighiales_Incertae_sedis	Hevea
Bacteria;Bacteria_none;Proteobacteria;Gammaproteobacteria;Xanthomonadales;Xanthomonadaceae;Lysobacter	Bacteria	Bacteria_none	Proteobacteria	Gammaproteobacteria	Xanthomonadales	Xanthomonadaceae	Lysobacter
Bacteria;Bacteria_none;Proteobacteria;Alphaproteobacteria;Rhodobacterales;Rhodobacteraceae;Roseobacter	Bacteria	Bacteria_none	Proteobacteria	Alphaproteobacteria	Rhodobacterales	Rhodobacteraceae	Roseobacter
Bacteria;Bacteria_none;Proteobacteria;Alphaproteobacteria;Kiloniellales;Kiloniellaceae;Kiloniellaceae_uncultured	Bacteria	Bacteria_none	Proteobacteria	Alphaproteobacteria	Kiloniellales	Kiloniellaceae	Kiloniellaceae_uncultured
Bacteria;Bacteria_none;Proteobacteria;Alphaproteobacteria;Rhizobiales;Rhizobiaceae;Pseudohoeflea	Bacteria	Bacteria_none	Proteobacteria	Alphaproteobacteria	Rhizobiales	Rhizobiaceae	Pseudohoeflea
Bacteria;Bacteria_none;Proteobacteria;Alphaproteobacteria;Rhodobacterales;Rhodobacteraceae;Thalassococcus	Bacteria	Bacteria_none	Proteobacteria	Alphaproteobacteria	Rhodobacterales	Rhodobacteraceae	Thalassococcus
Bacteria;Bacteria_none;Proteobacteria;Alphaproteobacteria;Rhodobacterales;Rhodobacteraceae;Aestuariicoccus	Bacteria	Bacteria_none	Proteobacteria	Alphaproteobacteria	Rhodobacterales	Rhodobacteraceae	Aestuariicoccus
Bacteria;Bacteria_none;Proteobacteria;Alphaproteobacteria;Rhodobacterales;Rhodobacteraceae;Pseudooceanicola	Bacteria	Bacteria_none	Proteobacteria	Alphaproteobacteria	Rhodobacterales	Rhodobacteraceae	Pseudooceanicola
Bacteria;Bacteria_none;Planctomycetota;Planctomycetes;Planctomycetales;Rubinisphaeraceae;Planctomicrobium	Bacteria	Bacteria_none	Planctomycetota	Planctomycetes	Planctomycetales	Rubinisphaeraceae	Planctomicrobium
Bacteria;Bacteria_none;Proteobacteria;Alphaproteobacteria;Rhizobiales;Stappiaceae;Roseibium	Bacteria	Bacteria_none	Proteobacteria	Alphaproteobacteria	Rhizobiales	Stappiaceae	Roseibium
Bacteria;Bacteria_none;Proteobacteria;Gammaproteobacteria;Enterobacterales;Enterobacteriaceae;Enterobacter	Bacteria	Bacteria_none	Proteobacteria	Gammaproteobacteria	Enterobacterales	Enterobacteriaceae	Enterobacter
Bacteria;Bacteria_none;Proteobacteria;Gammaproteobacteria;Burkholderiales;Comamonadaceae;Comamonas	Bacteria	Bacteria_none	Proteobacteria	Gammaproteobacteria	Burkholderiales	Comamonadaceae	Comamonas
Bacteria;Bacteria_none;Proteobacteria;Alphaproteobacteria;Puniceispirillales;EF100-94H03;Unclassified_EF100-94H03	Bacteria	Bacteria_none	Proteobacteria	Alphaproteobacteria	Puniceispirillales	EF100-94H03	Unclassified_EF100-94H03
Bacteria;Bacteria_none;Proteobacteria;Gammaproteobacteria;Xanthomonadales;Xanthomonadaceae;Stenotrophomonas	Bacteria	Bacteria_none	Proteobacteria	Gammaproteobacteria	Xanthomonadales	Xanthomonadaceae	Stenotrophomonas
Bacteria;Bacteria_none;Proteobacteria;Gammaproteobacteria;Burkholderiales;Oxalobacteraceae;Noviherbaspirillum	Bacteria	Bacteria_none	Proteobacteria	Gammaproteobacteria	Burkholderiales	Oxalobacteraceae	Noviherbaspirillum
Bacteria;Bacteria_none;Planctomycetota;Planctomycetes;Pirellulales;Pirellulaceae;Rhodopirellula	Bacteria	Bacteria_none	Planctomycetota	Planctomycetes	Pirellulales	Pirellulaceae	Rhodopirellula
Bacteria;Bacteria_none;Proteobacteria;Alphaproteobacteria;Sphingomonadales;Sphingomonadaceae;Altererythrobacter	Bacteria	Bacteria_none	Proteobacteria	Alphaproteobacteria	Sphingomonadales	Sphingomonadaceae	Altererythrobacter
Bacteria;Bacteria_none;Bacteroidota;Bacteroidia;Sphingobacteriales;Sphingobacteriaceae;Mucilaginibacter	Bacteria	Bacteria_none	Bacteroidota	Bacteroidia	Sphingobacteriales	Sphingobacteriaceae	Mucilaginibacter
Bacteria;Bacteria_none;Bdellovibrionota;Bdellovibrionia;Bdellovibrionales;Bdellovibrionaceae;Bdellovibrio	Bacteria	Bacteria_none	Bdellovibrionota	Bdellovibrionia	Bdellovibrionales	Bdellovibrionaceae	Bdellovibrio
Bacteria;Bacteria_none;Proteobacteria;Gammaproteobacteria;Gammaproteobacteria Incertae Sedis;Unknown Family;Wenzhouxiangella	Bacteria	Bacteria_none	Proteobacteria	Gammaproteobacteria	Gammaproteobacteria Incertae Sedis	Unknown Family	Wenzhouxiangella
Bacteria;Bacteria_none;Proteobacteria;Alphaproteobacteria;Rhodobacterales;Rhodobacteraceae;Litorimicrobium	Bacteria	Bacteria_none	Proteobacteria	Alphaproteobacteria	Rhodobacterales	Rhodobacteraceae	Litorimicrobium
Bacteria;Bacteria_none;Bacteroidota;Bacteroidia;Cytophagales;Microscillaceae;Microscillaceae_uncultured	Bacteria	Bacteria_none	Bacteroidota	Bacteroidia	Cytophagales	Microscillaceae	Microscillaceae_uncultured
Bacteria;Bacteria_none;Myxococcota;Myxococcia;Myxococcales;Myxococcaceae;Myxococcaceae_uncultured	Bacteria	Bacteria_none	Myxococcota	Myxococcia	Myxococcales	Myxococcaceae	Myxococcaceae_uncultured
Bacteria;Bacteria_none;Proteobacteria;Gammaproteobacteria;Enterobacterales;Enterobacteriaceae;Trabulsiella	Bacteria	Bacteria_none	Proteobacteria	Gammaproteobacteria	Enterobacterales	Enterobacteriaceae	Trabulsiella
Bacteria;Bacteria_none;Firmicutes;Bacilli;Staphylococcales;Staphylococcaceae;Unclassified_Staphylococcaceae	Bacteria	Bacteria_none	Firmicutes	Bacilli	Staphylococcales	Staphylococcaceae	Unclassified_Staphylococcaceae
Bacteria;Bacteria_none;Proteobacteria;Gammaproteobacteria;Enterobacterales;Shewanellaceae;Shewanella	Bacteria	Bacteria_none	Proteobacteria	Gammaproteobacteria	Enterobacterales	Shewanellaceae	Shewanella
Bacteria;Bacteria_none;Firmicutes;Bacilli;Paenibacillales;Paenibacillaceae;Paenibacillus	Bacteria	Bacteria_none	Firmicutes	Bacilli	Paenibacillales	Paenibacillaceae	Paenibacillus
Bacteria;Bacteria_none;Actinobacteriota;Actinobacteria;Propionibacteriales;Propionibacteriaceae;Cutibacterium	Bacteria	Bacteria_none	Actinobacteriota	Actinobacteria	Propionibacteriales	Propionibacteriaceae	Cutibacterium